{"cameraMode":{"drawMode":0,"name":"Shaded","section":"Shading Mode"},"sceneLighting":false,"audioPlay":false,"sceneViewState":{"showFog":false,"showMaterialUpdate":false,"showSkybox":false,"showFlares":false,"showImageEffects":false,"showParticleSystems":false},"in2DMode":false,"pivot":{"x":-0.009581565856933594,"y":1.1330881118774415,"z":0.34219908714294436},"rotation":{"x":0.0035566261503845455,"y":-0.6487376093864441,"z":-0.003211778588593006,"w":-0.7611005306243897},"size":6.300018310546875,"orthographic":false}