{"cameraMode":{"drawMode":0,"name":"Shaded","section":"Shading Mode"},"sceneLighting":false,"audioPlay":false,"sceneViewState":{"showFog":false,"showMaterialUpdate":false,"showSkybox":false,"showFlares":false,"showImageEffects":false,"showParticleSystems":false},"in2DMode":false,"pivot":{"x":9.083999633789063,"y":0.746999979019165,"z":5.910999774932861},"rotation":{"x":-0.004696792457252741,"y":-0.9797903895378113,"z":0.19902901351451875,"w":-0.022648215293884279},"size":0.17320828139781953,"orthographic":false}