{"cameraMode":{"drawMode":0,"name":"Shaded","section":"Shading Mode"},"sceneLighting":false,"audioPlay":false,"sceneViewState":{"showFog":false,"showMaterialUpdate":false,"showSkybox":false,"showFlares":false,"showImageEffects":false,"showParticleSystems":false},"in2DMode":false,"pivot":{"x":-0.8139026761054993,"y":-1.1137619018554688,"z":0.38058021664619448},"rotation":{"x":-0.015925191342830659,"y":-0.9772378206253052,"z":0.1963789016008377,"w":-0.07935389876365662},"size":0.7128541469573975,"orthographic":false}