{"cameraMode":{"drawMode":0,"name":"Shaded","section":"Shading Mode"},"sceneLighting":false,"audioPlay":false,"sceneViewState":{"showFog":false,"showMaterialUpdate":false,"showSkybox":false,"showFlares":false,"showImageEffects":false,"showParticleSystems":false},"in2DMode":false,"pivot":{"x":-0.012747764587402344,"y":1.8500003814697266,"z":-0.12764716148376466},"rotation":{"x":0.03370898962020874,"y":-0.8818038105964661,"z":-0.06422244012355805,"w":-0.4661826491355896},"size":4.0780110359191898,"orthographic":false}