{"cameraMode":{"drawMode":0,"name":"Shaded","section":"Shading Mode"},"sceneLighting":false,"audioPlay":false,"sceneViewState":{"showFog":false,"showMaterialUpdate":false,"showSkybox":false,"showFlares":false,"showImageEffects":false,"showParticleSystems":false},"in2DMode":false,"pivot":{"x":-18.013931274414064,"y":21.295372009277345,"z":-10.412589073181153},"rotation":{"x":-0.28116971254348757,"y":-0.30993345379829409,"z":0.09654179960489273,"w":-0.9032083749771118},"size":10.0,"orthographic":false}