{"cameraMode":{"drawMode":0,"name":"Shaded","section":"Shading Mode"},"sceneLighting":false,"audioPlay":false,"sceneViewState":{"showFog":false,"showMaterialUpdate":false,"showSkybox":false,"showFlares":false,"showImageEffects":false,"showParticleSystems":false},"in2DMode":false,"pivot":{"x":-6.832267761230469,"y":13.786234855651856,"z":-44.68917465209961},"rotation":{"x":-0.1490088701248169,"y":-0.21672853827476502,"z":0.03349384292960167,"w":-0.9643212556838989},"size":3.0000171661376955,"orthographic":false}