{"cameraMode":{"drawMode":0,"name":"Shaded","section":"Shading Mode"},"sceneLighting":false,"audioPlay":false,"sceneViewState":{"showFog":false,"showMaterialUpdate":false,"showSkybox":false,"showFlares":false,"showImageEffects":false,"showParticleSystems":false},"in2DMode":false,"pivot":{"x":9.707497596740723,"y":-1.2314529418945313,"z":5.382063865661621},"rotation":{"x":0.2368917614221573,"y":0.12435347586870194,"z":0.030612418428063394,"w":-0.9630773067474365},"size":0.6857882738113403,"orthographic":false}