{"cameraMode":{"drawMode":0,"name":"Shaded","section":"Shading Mode"},"sceneLighting":true,"audioPlay":false,"sceneViewState":{"showFog":false,"showMaterialUpdate":false,"showSkybox":false,"showFlares":false,"showImageEffects":false,"showParticleSystems":false},"in2DMode":false,"pivot":{"x":9.520428657531739,"y":3.874751567840576,"z":-14.34554672241211},"rotation":{"x":-0.004734180402010679,"y":0.1814350038766861,"z":-0.0008554947562515736,"w":-0.9835110902786255},"size":17.53433609008789,"orthographic":false}